TV Budget ($),Radio Budget ($),Newspaper Budget ($),Sales (units),Predicted_Sales
230.1,37.8,69.2,22.1,22.147039364479014
44.5,39.3,45.1,10.4,10.710916122946298
17.2,45.9,69.3,9.3,8.56913306585163
151.5,41.3,58.5,18.5,17.8373591269132
180.8,10.8,58.4,12.9,14.5287141856861
8.7,48.9,75.0,7.2,8.173737286861096
57.5,32.8,23.5,11.8,11.714274406328801
120.2,19.6,11.6,13.2,14.483838569151722
144.1,16.0,40.3,15.6,13.893711331313954
111.6,12.6,37.9,12.2,11.141276540468159
